keyword,Competition,Volume,Score
identity shifting,19,5663,64
identity shifting affirmations,43,2347,49
identity shifting techniques,19,1109,59
identity shifting law of attraction,19,1335,60
identity shifting meditation,38,1266,50
identity shifting customer expectations,13,1696,63
identity shifting quazi,18,2490,62
identity shifting subliminal,42,2339,50
identity shifting hypnosis,55,2465,43
identity shifting customer expectations trailhead,86,2123,28
identity shifting affirmations,43,2347,49
identity shifting law of attraction,19,1335,60
identity shifting brian scott,86,2500,28
identity shifting book,16,2348,63
identity shifting step by step,16,1938,62
identity shifting customer expectations,13,1696,64
identity shifting customer expectations trailhead,86,2123,28
identity shifting clark,55,2283,43
how to do identity shifting,19,1092,59
identity shifting deutsch,94,1378,22
identity shifting customer expectations trailhead,86,2123,28
identity shifting customer expectations,15,1696,62
identity shifting geoffrey setiawan,10,1667,65
identity shifting hypnosis,52,2465,45
how to do identity shifting,19,1092,59
what is identity shifting,18,1331,60
quazi johir identity shifting,13,2367,64
identity shifting meditation,38,1266,50
identity shifting mindvalley,44,1898,48
identity shifting malayalam,92,1759,24
identity shifting manifestation,15,2174,63
shifting your identity meditation,40,2565,51
identity shifting law of attraction,19,1335,60
identity shifting quazi,21,2490,60
quasi identity shifting,59,1907,41
identity shifting techniques,19,1109,59
identity shifting the one thing that changed my life,21,2680,61
how to do identity shifting,18,1092,60
identity shifting customer expectations trailhead,84,2123,29
identityv shifting,27,728,54
what is identity shifting,18,1331,60
shifting your identity,20,1776,60
shifting your identity meditation,40,2565,51
